{
  "T": 8000,
  "t_start": 2666,
  "t_end": 8000,
  "n_seeds": 32,
  "seed_slopes": [
    0.5793215193337609,
    0.16309684295246993,
    0.3240052017046051,
    0.23527666917220924,
    0.7513060331196347,
    0.6709531312104487,
    0.7891953523842817,
    0.5383803885717028,
    0.441187381691423,
    0.34015133190876806,
    0.6162453736877069,
    0.3725572909945628,
    0.5321549298189456,
    0.7817950614581821,
    0.37441762763999253,
    0.25212515495857507,
    0.6894027535933978,
    0.7519429310403551,
    0.3527463968323419,
    0.6786645819492974,
    0.5174360249344873,
    0.4619544334596801,
    0.3773115772015518,
    0.26281595442718897,
    0.12284828255083621,
    0.9234445038934909,
    0.35292315151659187,
    0.47829816244002216,
    0.8729395847301388,
    0.3031630372529311,
    0.46428453024984295,
    0.5901744772329066
  ],
  "slope_mean": 0.4988287398097603,
  "bootstrap_ci_95": [
    0.42782277581828526,
    0.570541624768229
  ],
  "bootstrap_B": 2000
}